<?xml version="1.0" encoding="UTF-8"?>
<con:soapui-project name="soapui/jmeter comparison" xmlns:con="http://eviware.com/soapui/config"><con:interface name="Organization" bindingName="{http://org.jboss.test.webservice/samples}OrganizationBinding" definition="http://127.0.0.1:8080/ws4ee-samples-server-ejb/Organization?wsdl"><con:endpoints><con:endpoint>http://127.0.0.1:8080/ws4ee-samples-server-ejb/Organization</con:endpoint></con:endpoints><con:operation action="" name="getContactInfo" bindingOperationName="getContactInfo" inputName="" outputName="" isOneWay="false"><con:call name="Request 1"><con:encoding>UTF-8</con:encoding><con:endpoint xmlns:xsi="http://www.w3.org/2001/XMLSchema-instance">http://127.0.0.1:8080/ws4ee-samples-server-ejb/Organization</con:endpoint><con:request><![CDATA[<soapenv:Envelope xmlns:soapenv="http://schemas.xmlsoap.org/soap/envelope/" xmlns:sam="http://org.jboss.test.webservice/samples">
   <soapenv:Body>
      <sam:getContactInfo>
         <String_1>Bad</String_1>
      </sam:getContactInfo>
   </soapenv:Body>
</soapenv:Envelope>]]></con:request><con:settings/></con:call><con:settings/></con:operation><con:settings/></con:interface><con:testSuite name="Other Tests"><con:runType>SEQUENTIAL</con:runType><con:settings/><con:testCase name="No Connection Pooling" keepSession="false" abortOnError="true" failOnError="true"><con:testSchedule name="zsdfsdf"><con:threadCount>20</con:threadCount><con:startDelay>200</con:startDelay><con:loadStrategy><con:type>Simple</con:type><con:config><testDelay>0</testDelay><stepDelay>0</stepDelay><randomFactor>0.0</randomFactor></con:config></con:loadStrategy></con:testSchedule><con:testSchedule name="testawe"><con:threadCount>1</con:threadCount><con:startDelay>200</con:startDelay><con:loadStrategy><con:type>Simple</con:type></con:loadStrategy></con:testSchedule><con:settings><con:setting id="HttpSettings@include_request_in_time_taken">true</con:setting><con:setting id="HttpSettings@include_response_in_time_taken">false</con:setting><con:setting id="HttpSettings@close-connections">true</con:setting><con:setting id="HttpSettings@socket_timeout">60000</con:setting></con:settings><con:testStep type="request"><con:config xsi:type="con:RequestStep" xmlns:xsi="http://www.w3.org/2001/XMLSchema-instance"><con:interface>Organization</con:interface><con:operation>getContactInfo</con:operation><con:request name="request step"><con:encoding>UTF-8</con:encoding><con:endpoint>http://127.0.0.1:8080/ws4ee-samples-server-ejb/Organization</con:endpoint><con:request><![CDATA[<soapenv:Envelope xmlns:soapenv="http://schemas.xmlsoap.org/soap/envelope/" xmlns:sam="http://org.jboss.test.webservice/samples">
   <soapenv:Body>
      <sam:getContactInfo>
         <String_1>Bad</String_1>
      </sam:getContactInfo>
   </soapenv:Body>
</soapenv:Envelope>]]></con:request><con:credentials><con:username></con:username><con:password></con:password><con:domain></con:domain></con:credentials><con:settings/></con:request></con:config><con:settings/></con:testStep><con:loadTest name="LoadTest1"><con:settings><con:setting id="HttpSettings@include_request_in_time_taken">true</con:setting><con:setting id="HttpSettings@include_response_in_time_taken">false</con:setting><con:setting id="HttpSettings@close-connections">true</con:setting></con:settings><con:threadCount>1</con:threadCount><con:startDelay>0</con:startDelay><con:calculateTPSOnTimePassed>false</con:calculateTPSOnTimePassed><con:resetStatisticsOnThreadCountChange>true</con:resetStatisticsOnThreadCountChange><con:testLimit>5000</con:testLimit><con:limitType>COUNT</con:limitType><con:loadStrategy><con:type>Simple</con:type><con:config><testDelay>0</testDelay><randomFactor>0.5</randomFactor></con:config></con:loadStrategy><con:assertion type="Step Status" name="Step Status"><con:configuration><name>Step Status</name><min-requests>0</min-requests><test-step>- Any -</test-step><max-errors>-1</max-errors></con:configuration></con:assertion><con:assertion type="Max Errors" name="Max Errors"><con:configuration><name>Max Errors</name><max-absolute-errors>30</max-absolute-errors><max-relative-errors>0.0</max-relative-errors><test-step>- Any -</test-step></con:configuration></con:assertion></con:loadTest><con:loadTest name="LoadTest10"><con:settings><con:setting id="HttpSettings@include_request_in_time_taken">true</con:setting><con:setting id="HttpSettings@include_response_in_time_taken">false</con:setting><con:setting id="HttpSettings@close-connections">true</con:setting></con:settings><con:threadCount>10</con:threadCount><con:startDelay>0</con:startDelay><con:calculateTPSOnTimePassed>false</con:calculateTPSOnTimePassed><con:resetStatisticsOnThreadCountChange>true</con:resetStatisticsOnThreadCountChange><con:testLimit>5000</con:testLimit><con:limitType>COUNT</con:limitType><con:loadStrategy><con:type>Simple</con:type><con:config><testDelay>0</testDelay><randomFactor>0.5</randomFactor></con:config></con:loadStrategy></con:loadTest><con:loadTest name="LoadTest25"><con:settings><con:setting id="HttpSettings@include_request_in_time_taken">true</con:setting><con:setting id="HttpSettings@include_response_in_time_taken">false</con:setting><con:setting id="HttpSettings@close-connections">true</con:setting></con:settings><con:threadCount>25</con:threadCount><con:startDelay>0</con:startDelay><con:calculateTPSOnTimePassed>false</con:calculateTPSOnTimePassed><con:resetStatisticsOnThreadCountChange>true</con:resetStatisticsOnThreadCountChange><con:testLimit>60</con:testLimit><con:limitType>TIME</con:limitType><con:loadStrategy><con:type>Simple</con:type><con:config><testDelay>0</testDelay><randomFactor>0.5</randomFactor></con:config></con:loadStrategy><con:assertion type="Step Status" name="Step Status"><con:configuration><name>Step Status</name><min-requests>0</min-requests><test-step>- Any -</test-step><max-errors>-1</max-errors></con:configuration></con:assertion><con:assertion type="Max Errors" name="Max Errors"><con:configuration><name>Max Errors</name><max-absolute-errors>30</max-absolute-errors><max-relative-errors>0.0</max-relative-errors><test-step>- Any -</test-step></con:configuration></con:assertion></con:loadTest><con:loadTest name="LoadTest5"><con:settings><con:setting id="HttpSettings@include_request_in_time_taken">true</con:setting><con:setting id="HttpSettings@include_response_in_time_taken">false</con:setting><con:setting id="HttpSettings@close-connections">true</con:setting></con:settings><con:threadCount>5</con:threadCount><con:startDelay>0</con:startDelay><con:calculateTPSOnTimePassed>false</con:calculateTPSOnTimePassed><con:resetStatisticsOnThreadCountChange>true</con:resetStatisticsOnThreadCountChange><con:testLimit>5000</con:testLimit><con:limitType>COUNT</con:limitType><con:loadStrategy><con:type>Simple</con:type><con:config><testDelay>0</testDelay><randomFactor>0.5</randomFactor></con:config></con:loadStrategy><con:assertion type="Step Status" name="Step Status"><con:configuration><name>Step Status</name><min-requests>0</min-requests><test-step>- Any -</test-step><max-errors>-1</max-errors></con:configuration></con:assertion><con:assertion type="Max Errors" name="Max Errors"><con:configuration><name>Max Errors</name><max-absolute-errors>30</max-absolute-errors><max-relative-errors>0.0</max-relative-errors><test-step>- Any -</test-step></con:configuration></con:assertion></con:loadTest><con:loadTest name="LoadTest1_25"><con:settings><con:setting id="HttpSettings@include_request_in_time_taken">true</con:setting><con:setting id="HttpSettings@include_response_in_time_taken">false</con:setting><con:setting id="HttpSettings@close-connections">true</con:setting></con:settings><con:threadCount>25</con:threadCount><con:startDelay>0</con:startDelay><con:calculateTPSOnTimePassed>false</con:calculateTPSOnTimePassed><con:resetStatisticsOnThreadCountChange>true</con:resetStatisticsOnThreadCountChange><con:testLimit>250</con:testLimit><con:limitType>TIME</con:limitType><con:loadStrategy><con:type>Thread</con:type><con:config><startThreadCount>1</startThreadCount><endThreadCount>10</endThreadCount></con:config></con:loadStrategy></con:loadTest></con:testCase><con:testCase name="Connection Pooling" keepSession="false" abortOnError="true" failOnError="true"><con:testSchedule name="zsdfsdf"><con:threadCount>20</con:threadCount><con:startDelay>200</con:startDelay><con:loadStrategy><con:type>Simple</con:type><con:config><testDelay>0</testDelay><stepDelay>0</stepDelay><randomFactor>0.0</randomFactor></con:config></con:loadStrategy></con:testSchedule><con:testSchedule name="testawe"><con:threadCount>1</con:threadCount><con:startDelay>200</con:startDelay><con:loadStrategy><con:type>Simple</con:type></con:loadStrategy></con:testSchedule><con:settings><con:setting id="HttpSettings@include_request_in_time_taken">true</con:setting><con:setting id="HttpSettings@include_response_in_time_taken">false</con:setting><con:setting id="HttpSettings@close-connections">false</con:setting><con:setting id="HttpSettings@socket_timeout">60000</con:setting></con:settings><con:testStep type="request"><con:config xsi:type="con:RequestStep" xmlns:xsi="http://www.w3.org/2001/XMLSchema-instance"><con:interface>Organization</con:interface><con:operation>getContactInfo</con:operation><con:request name="request step"><con:encoding>UTF-8</con:encoding><con:endpoint>http://127.0.0.1:8080/ws4ee-samples-server-ejb/Organization</con:endpoint><con:request><![CDATA[<soapenv:Envelope xmlns:soapenv="http://schemas.xmlsoap.org/soap/envelope/" xmlns:sam="http://org.jboss.test.webservice/samples">
   <soapenv:Body>
      <sam:getContactInfo>
         <String_1>Bad</String_1>
      </sam:getContactInfo>
   </soapenv:Body>
</soapenv:Envelope>]]></con:request><con:credentials><con:username></con:username><con:password></con:password><con:domain></con:domain></con:credentials><con:settings/></con:request></con:config><con:settings/></con:testStep><con:loadTest name="LoadTest1"><con:settings><con:setting id="HttpSettings@include_request_in_time_taken">true</con:setting><con:setting id="HttpSettings@include_response_in_time_taken">false</con:setting><con:setting id="HttpSettings@close-connections">false</con:setting></con:settings><con:threadCount>1</con:threadCount><con:startDelay>0</con:startDelay><con:calculateTPSOnTimePassed>false</con:calculateTPSOnTimePassed><con:resetStatisticsOnThreadCountChange>true</con:resetStatisticsOnThreadCountChange><con:testLimit>5000</con:testLimit><con:limitType>COUNT</con:limitType><con:loadStrategy><con:type>Simple</con:type><con:config><testDelay>0</testDelay><randomFactor>0.5</randomFactor></con:config></con:loadStrategy><con:assertion type="Step Status" name="Step Status"><con:configuration><name>Step Status</name><min-requests>0</min-requests><test-step>- Any -</test-step><max-errors>-1</max-errors></con:configuration></con:assertion><con:assertion type="Max Errors" name="Max Errors"><con:configuration><name>Max Errors</name><max-absolute-errors>30</max-absolute-errors><max-relative-errors>0.0</max-relative-errors><test-step>- Any -</test-step></con:configuration></con:assertion></con:loadTest><con:loadTest name="LoadTest10"><con:settings><con:setting id="HttpSettings@include_request_in_time_taken">true</con:setting><con:setting id="HttpSettings@include_response_in_time_taken">false</con:setting><con:setting id="HttpSettings@close-connections">false</con:setting></con:settings><con:threadCount>10</con:threadCount><con:startDelay>0</con:startDelay><con:calculateTPSOnTimePassed>false</con:calculateTPSOnTimePassed><con:resetStatisticsOnThreadCountChange>true</con:resetStatisticsOnThreadCountChange><con:testLimit>5000</con:testLimit><con:limitType>COUNT</con:limitType><con:loadStrategy><con:type>Simple</con:type><con:config><testDelay>0</testDelay><randomFactor>0.5</randomFactor></con:config></con:loadStrategy></con:loadTest><con:loadTest name="LoadTest25"><con:settings><con:setting id="HttpSettings@include_request_in_time_taken">true</con:setting><con:setting id="HttpSettings@include_response_in_time_taken">false</con:setting><con:setting id="HttpSettings@close-connections">false</con:setting></con:settings><con:threadCount>25</con:threadCount><con:startDelay>0</con:startDelay><con:calculateTPSOnTimePassed>false</con:calculateTPSOnTimePassed><con:resetStatisticsOnThreadCountChange>true</con:resetStatisticsOnThreadCountChange><con:testLimit>5000</con:testLimit><con:limitType>COUNT</con:limitType><con:loadStrategy><con:type>Simple</con:type><con:config><testDelay>0</testDelay><randomFactor>0.5</randomFactor></con:config></con:loadStrategy><con:assertion type="Step Status" name="Step Status"><con:configuration><name>Step Status</name><min-requests>0</min-requests><test-step>- Any -</test-step><max-errors>-1</max-errors></con:configuration></con:assertion><con:assertion type="Max Errors" name="Max Errors"><con:configuration><name>Max Errors</name><max-absolute-errors>30</max-absolute-errors><max-relative-errors>0.0</max-relative-errors><test-step>- Any -</test-step></con:configuration></con:assertion></con:loadTest><con:loadTest name="LoadTest5"><con:settings><con:setting id="HttpSettings@include_request_in_time_taken">true</con:setting><con:setting id="HttpSettings@include_response_in_time_taken">false</con:setting><con:setting id="HttpSettings@close-connections">false</con:setting></con:settings><con:threadCount>5</con:threadCount><con:startDelay>0</con:startDelay><con:calculateTPSOnTimePassed>false</con:calculateTPSOnTimePassed><con:resetStatisticsOnThreadCountChange>true</con:resetStatisticsOnThreadCountChange><con:testLimit>5000</con:testLimit><con:limitType>COUNT</con:limitType><con:loadStrategy><con:type>Simple</con:type><con:config><testDelay>0</testDelay><randomFactor>0.5</randomFactor></con:config></con:loadStrategy><con:assertion type="Step Status" name="Step Status"><con:configuration><name>Step Status</name><min-requests>0</min-requests><test-step>- Any -</test-step><max-errors>-1</max-errors></con:configuration></con:assertion><con:assertion type="Max Errors" name="Max Errors"><con:configuration><name>Max Errors</name><max-absolute-errors>30</max-absolute-errors><max-relative-errors>0.0</max-relative-errors><test-step>- Any -</test-step></con:configuration></con:assertion></con:loadTest><con:loadTest name="LoadTest1_25"><con:settings><con:setting id="HttpSettings@include_request_in_time_taken">true</con:setting><con:setting id="HttpSettings@include_response_in_time_taken">false</con:setting><con:setting id="HttpSettings@close-connections">false</con:setting></con:settings><con:threadCount>25</con:threadCount><con:startDelay>0</con:startDelay><con:calculateTPSOnTimePassed>false</con:calculateTPSOnTimePassed><con:resetStatisticsOnThreadCountChange>true</con:resetStatisticsOnThreadCountChange><con:testLimit>250</con:testLimit><con:limitType>TIME</con:limitType><con:loadStrategy><con:type>Thread</con:type><con:config><startThreadCount>1</startThreadCount><endThreadCount>10</endThreadCount></con:config></con:loadStrategy></con:loadTest></con:testCase></con:testSuite><con:settings/></con:soapui-project>